Nombre;Ventas anual;rama
CORPORACION FAVORITA C.A.;2355580171;Comercio
CORPORACION EL ROSADO S.A.;1431995152;Comercio
INDUSTRIAL PESQUERA SANTA PRISCILA S.A.;1412874281;Agricultura, ganadería y pesca
ECUACORRIENTE S.A.;1180396602;Minas y canteras
PRIMAX COMERCIAL DEL ECUADOR SOCIEDAD ANONIMA;1162299146;Comercio
PROCESADORA NACIONAL DE ALIMENTOS C.A. PRONACA;1076259837;Manufactura
CONSORCIO ECUATORIANO DE TELECOMUNICACIONES S.A. CONECEL;1041851015;Información y comunicación
DINADEC S.A.;1033549701;Comercio
DISTRIBUIDORA FARMACEUTICA ECUATORIANA (DIFARE) S.A.;897871392.3;Comercio
AURELIAN ECUADOR S.A;889974047.3;Minas y canteras
PETROLEOS Y SERVICIOS PYS C.A.;858952830.5;Comercio
SHAYA ECUADOR S.A.;848005611.4;Minas y canteras
TIENDAS INDUSTRIALES ASOCIADAS TIA S.A.;776159786.9;Comercio
TERPEL-COMERCIAL ECUADOR CIA.LTDA.;724742553.9;Comercio
LA FABRIL S.A.;710280986.4;Manufactura
VITAPRO ECUADOR CIA. LTDA.;646986297;Comercio
SCHLUMBERGER DEL ECUADOR S.A.;627431741.5;Minas y canteras
GENERAL MOTORS DEL ECUADOR SA;618724713.1;Comercio
FARMAENLACE CIA. LTDA;571529827;Comercio
ANDES PETROLEUM ECUADOR LTD.;563335259.7;Minas y canteras
ATIMASA S.A.;543708748.3;Comercio
LETERAGO DEL ECUADOR S.A;528551906.6;Comercio
SOCIEDAD NACIONAL DE GALAPAGOS CA;528425781;Manufactura
AC BEBIDAS, S. DE R.L. DE C.V.;523991839.9;Manufactura
NIRSA S.A.;520248808.2;Comercio
OTECEL S.A.;514067176.6;Información y comunicación
CONSORCIO SHUSHUFINDI S.A.;510204597.7;Minas y canteras
AGRIPAC SA;500514253.4;Comercio
NESTLE ECUADOR S.A.;455829054;Manufactura
INDUSTRIAL DANEC SA;410454092.5;Manufactura
HOLCIM ECUADOR S.A.;391574647.6;Manufactura
NOVACERO S.A;389036833.5;Manufactura
EXPALSA EXPORTADORA DE ALIMENTOS SA;377614841;Manufactura
CERVECERIA NACIONAL CN S.A.;374957391.7;Manufactura
ACERIA DEL ECUADOR CA ADELCA.;360387532.7;Manufactura
DISTRIVEHIC DISTRIBUIDORA DE VEHÍCULOS S.A.S.;344704639.8;Comercio
PETROLEOS DE LOS RIOS PETROLRIOS C.A.;341816037.4;Comercio
DISTRIBUIDORA IMPORTADORA DIPOR S.A.;338463501.2;Comercio
COMERCIAL KYWI SA;329034459.7;Comercio
INBALNOR S. A.;321165469.8;Comercio
ALMACENES DE PRATI SA;310533603.6;Comercio
MEGA SANTAMARIA S.A.;293503606.5;Comercio
FARMACIAS Y COMISARIATOS DE MEDICINAS SA FARCOMED;292786443;Comercio
TOYOTA DEL ECUADOR S.A.;288994761.1;Comercio
UNION DE BANANEROS ECUATORIANOS SA UBESA;287456470.7;Comercio
QUIFATEX SA;284294457;Manufactura
VEPAMIL S.A.;279674903.1;Comercio
INT FOOD SERVICES CORP S.A.;276906597.5;Manufactura
MEGADATOS S.A.;274271264.9;Información y comunicación
THE TESALIA SPRINGS COMPANY S.A.;270993913.9;Manufactura
UNILEVER ANDINA ECUADOR S.A.;264518243.4;Manufactura
CARTONES NACIONALES S.A. I CARTOPEL;264085842;Manufactura
MASGAS S.A.;263332751.8;Comercio
CORPETROLSA S.A.;257316643;Comercio
TELCONET S.A.;256809881;Información y comunicación
GRUPASA GRUPO PAPELERO CIA.LTDA.;252601788.4;Manufactura
INDUGLOB S. A.;242784990.8;Manufactura
BEBIDAS ARCACONTINENTAL ECUADOR ARCADOR S.A.;241206363.9;Comercio
NOVOPAN DEL ECUADOR SA;241135611.4;Manufactura
SUPERDEPORTE S.A.;240712674.5;Comercio
PAPELERA NACIONAL SA;240305966.9;Manufactura
TIENDAS TUTI TTDE S.A.;240094053.2;Comercio
PROMARISCO SA;237297267.4;Agricultura, ganadería y pesca
ENAP SIPETROL S.A.;236431829.5;Minas y canteras
IMPORTADORA TOMEBAMBA S.A.;229910135.7;Comercio
CASABACA S.A.;228026475.3;Comercio
IPAC S.A;226953183.7;Manufactura
ECUAQUIMICA ECUATORIANA DE PRODUCTOS QUIMICOS CA;222632275.5;Comercio
OMNIBUS BB TRANSPORTES SA;217339876.8;Manufactura
PETROORIENTAL S.A.;214963483.9;Minas y canteras
ECONOFARM S.A.;213715049;Comercio
EUROFISH S.A.;210630040;Manufactura
NATURISA S. A.;209026825.1;Agricultura, ganadería y pesca
AVICOLA SAN ISIDRO S.A. AVISID;206640326.8;Agricultura, ganadería y pesca
AMBACAR CIA. LTDA.;206378164.3;Comercio
MAQUINARIAS Y VEHICULOS S.A. MAVESA;205499407.3;Comercio
AUTOMOTORES Y ANEXOS S.A. (A.Y.A.S.A.);203147322.4;Comercio
MARCIMEX S.A.;199932967.1;Actividades de servicios administrativos y de apoyo
PLUSPETROL ECUADOR B.V.;199362329.5;Minas y canteras
SERVICIOS WFSE ECUADOR C.L.;198813254.3;Comercio
MODERNA ALIMENTOS S.A.;198172391.9;Comercio
CORPORACION SUPERIOR CORSUPERIOR S.A.;197468012.1;Comercio
AGNAMAR S.A.;196229917.4;Comercio
CNPC CHUANQING DRILLING ENGINEERING COMPANY LIMITED;196180490.5;Minas y canteras
SALICA DEL ECUADOR S.A.;194280521.5;Agricultura, ganadería y pesca
PRODUMAR SA;193476721.8;Agricultura, ganadería y pesca
COPACIGULF S.A.;191840661.7;Comercio
ASIAUTO S.A;191351771.6;Comercio
SALUDSA SISTEMA DE MEDICINA PRE-PAGADA DEL ECUADOR S.A.;189152254.3;Financieras y seguros
INDUSTRIAS ALES CA;187329833.2;Manufactura
FERTISA AGIF C.L.;185655545;Actividades profesionales
INTERNATIONAL WATER SERVICES ( GUAYAQUIL ) INTERAGUA C. LTDA.;181548371.9;Distribución de Agua Alcantarillado y gestión de desechos
HIDALGO E HIDALGO S.A.;178502751.9;Construcción
IN.CAR.PALM. INDUSTRIA CARTONERA PALMAR S.A.;178437095.6;Manufactura
FABRICA DE ENVASES S.A. FADESA;178144385;Manufactura
PDV ECUADOR S.A.;175527187.6;Manufactura
EXPORTQUILSA & PRODUCTORES ASOCIADOS S.A.;174306068.2;Comercio
AB INBEV HOLDING ECUADOR AB-INBEV S.A.S.;173931813;Financieras y seguros
UNACEM ECUADOR S.A.;173285002;Manufactura
PRODUCTOS PERECIBLES Y MARISCOS PROPEMAR S.A.;173260313.2;Comercio
NEGOCIOS AUTOMOTRICES NEOHYUNDAI S.A.;172143905.3;Comercio
CONTINENTAL TIRE ANDINA S. A.;171465143.6;Manufactura
IASA S.A.;169673973.7;Comercio
COMERCIAL CARLOS ROLDAN CIA. LTDA.;169376496.2;Comercio
PCC CONGELADOS & FRESCOS S.A.S.;168385747.3;Manufactura
SINOPEC INTERNATIONAL PETROLEUM SERVICE ECUADOR S.A.;167630350.9;Minas y canteras
SOCIEDAD AGRICOLA E INDUSTRIAL SAN CARLOS SA;165703630.8;Manufactura
CONSERVAS ISABEL ECUATORIANA S.A.;165620496;Manufactura
SEAFMAN SOCIEDAD ECUATORIANA DE ALIMENTOS Y FRIGORIFICOS MANTA C.A.;165600974.5;Manufactura
INDUSTRIAS LACTEAS TONI SA;162751758;Manufactura
SAN MIGUEL INDUSTRIAS ECUADOR SANMINDEC S.A.;162016818.6;Comercio
CONSTRUCCIONES Y PRESTACIONES PETROLERAS S.A. CPP;161634493.7;Construcción
ALIMENTSA S.A;160587182.6;Agricultura, ganadería y pesca
LIRIS S. A.;159666416.8;Manufactura
AJECUADOR S.A.;158406242.5;Manufactura
KUBIEC S.A.;155008458;Manufactura
TROPICAL PACKING ECUADOR S.A. TROPACK;154921614.6;Agricultura, ganadería y pesca
COFIMAR S.A.;154560518.4;Agricultura, ganadería y pesca
SOUTH PACIFIC SEAFOOD S.A. SOPASE;153413229.5;Agricultura, ganadería y pesca
BMI IGUALAS MEDICAS DEL ECUADOR S.A.;151918451.3;Financieras y seguros
LATAM-AIRLINES ECUADOR S.A.;147153999.1;Transporte y almacenamiento
PROCESADORA POSORJA PROPOSORJA S.A.;145832458.4;Agricultura, ganadería y pesca
CORPORACION QUIPORT S.A.;144955247.3;Actividades profesionales
PROCESADORA Y EXPORTADORA DE CAMARON PROCAMARONEX C. LTDA.;142283937.3;Agricultura, ganadería y pesca
AVICOLA VITALOA S.A. AVITALSA;137946486.7;Agricultura, ganadería y pesca
LAN CARGO S.A.;134808598.5;Transporte y almacenamiento
HAID ( ECUADOR)FEED CIA.LTDA.;134732935.2;Manufactura
BEVERAGE BRAND & PATENTS COMPANY BBPC S.A.;130930221;Actividades de servicios administrativos y de apoyo
COMERCIALIZADORA DE BANANO DEL SUR COMERSUR CIA. LTDA.;130886982.8;Agricultura, ganadería y pesca
EMPACADORA DEL PACIFICO SOCIEDAD ANONIMA (EDPACIF S.A.);129944736.5;Manufactura
ASISERVY S.A.;128864156.9;Manufactura
COLGATE PALMOLIVE DEL ECUADOR SOCIEDAD ANONIMA INDUSTRIAL Y COMERCIAL;126828541.8;Manufactura
CONTECON GUAYAQUIL S.A.;125774972.9;Transporte y almacenamiento
COMPANIA AZUCARERA VALDEZ SA;124674619.9;Manufactura
OLEODUCTO DE CRUDOS PESADOS (OCP) ECUADOR S.A.;124174108.6;Transporte y almacenamiento
NATLUK S.A.;122094074.6;Manufactura
PROEXPO, PROCESADORA Y EXPORTADORA DE MARISCOS S.A.;121933830;Agricultura, ganadería y pesca
AGZULASA CIA. LTDA.;121038580.6;Agricultura, ganadería y pesca
FISA FUNDICIONES INDUSTRIALES SA;115953632.7;Manufactura
DIRECTV ECUADOR C. LTDA.;115699331.8;Información y comunicación
EXTRACTORA QUEVEPALMA S.A.;114849386;Manufactura
ZAIMELLA DEL ECUADOR SOCIEDAD ANONIMA;114628291.4;Manufactura
DIPAC MANTA S.A.;113953284.4;Manufactura
LABORATORIOS SIEGFRIED S.A.;113089203.1;Manufactura
IDEAL ALAMBREC SA;111408806.6;Manufactura
MARBELIZE S.A.;109960697.8;Manufactura
ADMINISTRADORA DEL PACIFICO S.A. (ADEPASA);108313982.3;Actividades inmobiliarias
SERTECPET S.A.;108123510.5;Minas y canteras
SERVICIOS PETROLEROS IGAPÓ S.A.;106359196;Minas y canteras
OLAM ECUADOR S.A.;104183863.1;Agricultura, ganadería y pesca
SERVICIOS DE TELECOMUNICACIONES SETEL S.A;103901815;Información y comunicación
INARPI S.A.;102126820.4;Transporte y almacenamiento
EXPOTUNA S.A.;101398525.7;Agricultura, ganadería y pesca
COMPANIA PANAMENA DE AVIACION S.A.;100915408;Transporte y almacenamiento
OCEANBAT S.A.;100281942.9;Transporte y almacenamiento
CHINA RAILWAY 19 BUREAU GROUP CORPORATION;99965460.67;Construcción
CRIMASA CRIADEROS DE MARISCOS SA;98973138.59;Agricultura, ganadería y pesca
MARZAM CIA. LTDA.;98538398.36;Transporte y almacenamiento
INTEGRACION AVICOLA ORO S.A.;96784598.59;Agricultura, ganadería y pesca
EXPORTADORA TOTAL SEAFOOD TOTALSEAFOOD S.A.;96316376.61;Agricultura, ganadería y pesca
TERMINAL AEROPORTUARIA DE GUAYAQUIL S.A. TAGSA;94594246.76;Transporte y almacenamiento
PARDALISERVICES S.A.;92054135.38;Minas y canteras
MANESIL S.A.;91396717.71;Financieras y seguros
BROADNET S.A.;90769802.4;Información y comunicación
AVIPECHICHAL S.A.;90651253.51;Agricultura, ganadería y pesca
MEDICINA PARA EL ECUADOR MEDIECUADOR-HUMANA S.A.;89710654.03;Financieras y seguros
SUDAMERICANA INTEGRAL DE CONSTRUCCIONES SUDINCO S.A.;89121681.53;Construcción
METALKING S.A.;87803269.23;Distribución de Agua Alcantarillado y gestión de desechos
DK MANAGEMENT SERVICES SOCIEDAD ANONIMA;85612171.25;Actividades inmobiliarias
LIMBOMAR S.A.;81040674.79;Agricultura, ganadería y pesca
VERIS S.A.;80301813.85;Actividades de atención a salud
MOONHOLD S.A.;79767141.58;Financieras y seguros
UTOPIA FARMS UTF S.A.S.;78568681.21;Agricultura, ganadería y pesca
PANAMERICANA VIAL S.A. PANAVIAL;78430329.92;Construcción
AIR EUROPA LINEAS AEREAS, SOCIEDAD ANONIMA, SOCIEDAD UNIPERSONAL;76748859.89;Transporte y almacenamiento
BAKER HUGHES SERVICES INTERNATIONAL S.A.S.;75212215.5;Minas y canteras
CORPORACIÓN FERNÁNDEZ CORPFERNANDEZ S.A.;74883000.45;Agricultura, ganadería y pesca
QATAR AIRWAYS Q.C.S.C.;74431821.93;Transporte y almacenamiento
HOSPITAL-METROPOLITANO S.A.S.;72883196;Actividades de atención a salud
SWISSOIL DEL ECUADOR S.A. (SWISSOIL);72873622.12;Minas y canteras
ARCGOLD DEL ECUADOR S.A.;72759759.25;Actividades de servicios administrativos y de apoyo
BAGATOCORP S.A.;71925933.88;Agricultura, ganadería y pesca
DONATELLA ECUADOR DONATECUA S.A.;68578978.38;Agricultura, ganadería y pesca
DELI INTERNACIONAL S.A.,;68099527.24;Actividades de Alojamiento
AMERICAN AIRLINES INC.;67655398.11;Transporte y almacenamiento
RIPCONCIV CONSTRUCCIONES CIVILES CIA. LTDA.;67625450.21;Construcción
GODPROEX PRODUCTORA Y EXPORTADORA S.A.;67400996.44;Agricultura, ganadería y pesca
CUYABENOPETRO S.A.;66895066.6;Minas y canteras
PUNTONET S.A.;66301230.21;Información y comunicación
BLUE CARGO ECUADOR S.A. BLUCARSA;65570994.92;Transporte y almacenamiento
CONCESIONARIA NORTE CONORTE S.A.;63428578.53;Construcción
J.PATIÑOCORP S.A.;62612364;Agricultura, ganadería y pesca
SERVIENTREGA ECUADOR S.A.;62545255.24;Transporte y almacenamiento
FRESKBANA S.A.;61993733.44;Agricultura, ganadería y pesca
TRANSPORTES NOROCCIDENTAL CIA. LTDA.;61301772.25;Transporte y almacenamiento
SHEMLON S.A.;60668370.74;Actividades de Alojamiento
SERVICIOS INTEGRADOS PAÑATURI S.A.;59668392.56;Minas y canteras
LAFATTORIA S.A.;59213184.36;Actividades de Alojamiento
ORODELTI S.A.;58923667.4;Agricultura, ganadería y pesca
FRIGORIFICO Y LABORATORIO SAN MATEO, FRIGOLAB SAN MATEO CIA. LTDA.;58112881.01;Agricultura, ganadería y pesca
TATASOLUTION CENTER S.A.;57206229.58;Información y comunicación
PALMERAS DEL ECUADOR SA;55374175.34;Agricultura, ganadería y pesca
EXORBAN S.A.;54521204.86;Agricultura, ganadería y pesca
TAMPA CARGO S.A.S.;54474874.92;Transporte y almacenamiento
INMOBILIARIA GUANGALA SA;54402324.59;Agricultura, ganadería y pesca
DULCAFE S.A.;54280634.07;Actividades de Alojamiento
TRIBOILGAS CIA. LTDA.;53884107.95;Minas y canteras
DPWORLD POSORJA S.A.;53675876.25;Construcción
GUAYATUNA S.A.;53610601.57;Agricultura, ganadería y pesca
PUERTOMAR S.A.;53529343.13;Agricultura, ganadería y pesca
ETICA EMPRESA TURISTICA INTERNACIONAL CA;52677255.99;Transporte y almacenamiento
PALMERAS DE LOS ANDES SA;51141491.52;Agricultura, ganadería y pesca
BANANO Y FRUTAS TROPICALES DE CALIDAD PARA EL MUNDO FRUTICAL S. A.;51129940.81;Agricultura, ganadería y pesca
LOGISTICA BANANERA S.A. LOGBAN;50115509.71;Transporte y almacenamiento
XPTOURS S.A.;50065415.23;Actividades de servicios administrativos y de apoyo
IBERIA, LINEAS AEREAS DE ESPAÑA, SOCIEDAD ANONIMA OPERADORA;49837733.73;Transporte y almacenamiento
SUPERCINES S.A.;49488517.26;Información y comunicación
HOLDING SOLA & SOLA SOLACCIONES S.A.;48975120.13;Financieras y seguros
INVERSIONES SELECTA INSELESA, HOLDING S.A.;48770558.72;Financieras y seguros
INMOBILIARIA MOTKE S.A.;48227407.32;Actividades inmobiliarias
DENMAR SA;47869849.42;Agricultura, ganadería y pesca
CONFIAMED S.A.;47514050.83;Financieras y seguros
NORLOP THOMPSON ASOCIADOS S.A.;47460733.36;Actividades profesionales
GRUPO DEGFER CIA. LTDA.;47333022.49;Agricultura, ganadería y pesca
PRODUCTORA AVICOLA CEVALLOS PROAVICEA CIA. LTDA.;47051715.82;Agricultura, ganadería y pesca
TRANSFERUNION S.A.;46793160.48;Financieras y seguros
FLORICOLA SAN ISIDRO LABRADOR FLORSANI S.A.S.;46753744.69;Agricultura, ganadería y pesca
ISCA ISLA CAMARONERA CA;46354051.54;Agricultura, ganadería y pesca
OLEODAVILA S.A.;46326377.81;Agricultura, ganadería y pesca
PCR-ECUADOR S.A.;45969564.19;Minas y canteras
SIERRAFERTTIL CIA.LTDA.;45474882.42;Agricultura, ganadería y pesca
CORPORACIÓN HVQ S.A.;44894314.53;Actividades de atención a salud
INTERNATIONAL LABORATORIES SERVICES INTERLAB S.A.;44138545.39;Actividades de atención a salud
NAPORTEC S.A.;44070890.94;Transporte y almacenamiento
SOLETANCHE BACHY INTERNATIONAL;43876584.47;Construcción
DSV-AIR&SEA S.A.;43845412.48;Transporte y almacenamiento
FALCONFARMS DE ECUADOR S.A.;43581067.9;Agricultura, ganadería y pesca
AMBIENSA S.A.;43407182.27;Construcción
DISTRISODA S.A.;43094175;Agricultura, ganadería y pesca
BEST DOCTORS S.A. EMPRESA DE MEDICINA PREPAGADA;42863315.67;Financieras y seguros
GENTE OIL ECUADOR PTE.LTD.;41801306.04;Minas y canteras
PACFISH S.A.;41671449.56;Agricultura, ganadería y pesca
CHRIS ZAHAV & MORE COMERCIALIZADORA CHRIS ZAHAV & MORE CHRISZAHAV&MORE S.A.;41560397.75;Minas y canteras
AXIONLOG ECUADOR S.A.;41500227;Transporte y almacenamiento
ENTRAVISION ECUADOR CISTERACTEC S.A.;41078041.91;Información y comunicación
DHL EXPRESS (ECUADOR) S.A.;41020405.5;Transporte y almacenamiento
ORIONOIL ER S.A.;40491003.54;Minas y canteras
MINUTOCORP S.A.;39856958.34;Construcción
TRANSPORTADORA ECUATORIANA DE VALORES TEVCOL CIA. LTDA.;39741871.63;Actividades de servicios administrativos y de apoyo
GROWFLOWERS PRODUCCIONES S.A.;39610352.05;Agricultura, ganadería y pesca
CONCESIONARIA DEL GUAYAS CONCEGUA S.A.;39237112.65;Construcción
ECUATORIANA DE SAL Y PRODUCTOS QUIMICOS CA (ECUASAL);39198892.42;Minas y canteras
ESCULAPIO S.A.S.;38536757.63;Actividades de atención a salud
INVERSANCARLOS S.A.;38396965.6;Financieras y seguros
CORPIDE CORPORACION PUBLICITARIA INTEGRAL DELTA C LTDA;38165608.19;Actividades profesionales
TECFOOD SERVICIOS DE ALIMENTACION S.A.;37752874.71;Actividades de Alojamiento
HIDROALTO GENERACION DE ENERGIA S.A.;37514360.29;Suministro de Electricidad Gas Vapor y Aire acondicionado
PETRORIVA S.A.;37310317.22;Minas y canteras
HILONG OIL SERVICE & ENGINEERING ECUADOR CIA. LTDA.;37249172.89;Minas y canteras
HOSPITAL DE LOS VALLES S.A. HODEVALLES;37217821.06;Actividades de atención a salud
''CONSORCIO LÍNEA 1'' - METRO DE QUITO: ACCIONA;36895208.82;Construcción
FARLETZA S.A.;36800021.35;Transporte y almacenamiento
SCHRYVER DEL ECUADOR S.A.;36252143;Transporte y almacenamiento
RESTAURANTES UNIDOS RESTAUNSA S.A.;36213587.94;Actividades de Alojamiento
CORCOLDING C.A.;36089346.07;Financieras y seguros
CONSORCIO DEL PICHINCHA S.A. CONDELPI;36055940.5;Actividades de servicios administrativos y de apoyo
CREDI FE DESARROLLO MICROEMPRESARIAL S.A.;35759959.01;Financieras y seguros
INSTALACIONES ELECTROMECANICAS SA INESA;35367635.79;Construcción
PRACTIPOWER S.A.;35160238.08;Distribución de Agua Alcantarillado y gestión de desechos
CPTDC CHINA PETROLEUM TECHNOLOGY & DEVELOPMENT CORPORATION ECUADOR S.A.;34747644.27;Minas y canteras
NAVECUADOR S.A.;34493634.48;Actividades de servicios administrativos y de apoyo
INMOMARIUXI CA;34193083.64;Construcción
TECNOVOLADURAS S.A.;33842356.38;Construcción
PTIE- PHOENIX TOWER INTERNATIONAL ECUADOR S.A.;33393370;Información y comunicación
MARITIME SERVICES LINE DEL ECUADOR MSL DEL ECUADOR S.A.;33343273.19;Transporte y almacenamiento
TD SYNNEX ECUADOR CIA.LTDA.;33342971.4;Información y comunicación
SASETAF S.A.;33116260.52;Financieras y seguros
JETBLUE AIRWAYS CORPORATION;33039435.53;Transporte y almacenamiento
CANAL DE GUAYAQUIL CGU S.A.;33012696.18;Construcción
SERVICIOS DE SEGURIDAD ARMILED CIA. LTDA.;32717851.59;Actividades de servicios administrativos y de apoyo
ASESORIA, SEGURIDAD Y VIGILANCIA ''ASEVIG - LIDERMAN'' CIA. LTDA.;32309214.88;Actividades de servicios administrativos y de apoyo
CIRION TECHNOLOGIES ECUADOR S.A.;32193316;Información y comunicación
INTERHOSPITAL S.A.;32010918.19;Actividades de atención a salud
SOCIEDAD MINERA LIGA DE ORO S.A. SOMILOR;31901805.76;Minas y canteras
RUART ECUADOR S.A.S.;31688870.59;Financieras y seguros
JU-AN METAL-EXPORTER S.A.S.;31598347.79;Minas y canteras
HIDROABANICO S.A.;31535547.4;Actividades profesionales
MOTORES Y TRACTORES MOTRAC S.A.;31474657.49;Actividades de servicios administrativos y de apoyo
CORPORACION CELESTE CIA.LTDA. CORPACEL;31302675.05;Actividades inmobiliarias
UNITED PARCEL SERVICE, CO.;30991858;Transporte y almacenamiento
PROYECTOS INTEGRALES DEL ECUADOR PIL S.A.;30915549.6;Actividades profesionales
PORTRANS S.A.;30796581.71;Transporte y almacenamiento
DISMEDSA CIA.LTDA.;30760004.38;Actividades inmobiliarias
COMPAÑIA DE ALIMENTOS Y SERVICIOS COALSE S.A.;30589933.48;Actividades de Alojamiento
FLANDERS DREDGING CORPORATION NV;29625445.26;Minas y canteras
COMPAÑIA DE SERVICIOS AUXILIARES DEL SISTEMA FINANCIERO INTERDIN S.A.;29439937.35;Financieras y seguros
BINARIA SISTEMAS S.A.;29308734.16;Información y comunicación
MEISTERBLUE CIA.LTDA.;28893809.02;Actividades inmobiliarias
HIDRONORMANDIA S.A.;28610270.04;Suministro de Electricidad Gas Vapor y Aire acondicionado
AMOVECUADOR S.A.;28393097.93;Información y comunicación
MEDITERRANEAN SHIPPING COMPANY DEL ECUADOR COMPANIA ANONIMA (EMESSEA);28295930.7;Transporte y almacenamiento
IBM DEL ECUADOR C.A.;28062750;Información y comunicación
CADENA ECUATORIANA DE TELEVISION CA CANAL 10 CETV;27773180.95;Información y comunicación
ENMARSI S.A.;27737249.94;Actividades de Alojamiento
RITOFA S.A.;27575278.62;Construcción
WAYRAENERGY S.A.;27342240.83;Minas y canteras
''TYAZHMASH'' S.A.;27283297.72;Suministro de Electricidad Gas Vapor y Aire acondicionado
CORPORACION MULTIBG S.A.;27065459.62;Financieras y seguros
MMR GROUP, INC.;27048741.39;Actividades profesionales
AGUAS DE SAMBORONDON AMAGUA C.E.M.;26692761.6;Distribución de Agua Alcantarillado y gestión de desechos
INTERCIA S.A.;26687927.64;Distribución de Agua Alcantarillado y gestión de desechos
FEMAR S.A.;26668562.98;Actividades inmobiliarias
CENTRO DE RADIO Y TELEVISION CRATEL C.A.;26575025.63;Información y comunicación
TEOTON SERVICIOS DE SALUD S.A.S.;26557590.85;Actividades de atención a salud
SUSHICORP S.A.;26526368.75;Actividades de Alojamiento
CHINA CAMC ENGINEERING CO., LTD.;26439882.82;Construcción
MANADIALISIS S.A;26174397.26;Actividades de atención a salud
TALMA ECUADOR SERVICIOS AEROPORTUARIOS S.A.;25715983.99;Actividades de servicios administrativos y de apoyo
DATAFAST S.A.;25413276.37;Financieras y seguros
COMPANIA ANONIMA CLINICA GUAYAQUIL SERVICIOS MEDICOS;25273586.56;Actividades de atención a salud
EXPORTADORA AURIFERA S.A. EXPAUSA;25243312.89;Minas y canteras
INMOBILIARIA LAVIE SA;25213778.15;Actividades inmobiliarias
ANDIPUERTO GUAYAQUIL S.A.;24830387.09;Transporte y almacenamiento
TABOSS S.A.S.;24820148.21;Financieras y seguros
SEPRONAC SEGURIDAD Y PROTECCION NACIONAL CIA. LTDA.;24727536.7;Actividades de servicios administrativos y de apoyo
SERVICIO AEREO REGIONAL REGAIR CIA. LTDA.;24611389.01;Transporte y almacenamiento
RED-DE-SERVICIOS-ECUADOR S.A.S.;24553179.2;Actividades de servicios administrativos y de apoyo
INMOBILIARIA PIEDRA HUASI S.A.;24481076.28;Actividades inmobiliarias
HOTELES DECAMERON ECUADOR S.A.;24392493.54;Actividades de servicios administrativos y de apoyo
NOVAECUADOR S.A AGENCIA ASESORA PRODUCTORA DE SEGUROS;24278853;Financieras y seguros
CEVA FREIGHT MANAGEMENT DE ECUADOR CEVALOGISTICS-ECUADOR CIA.LTDA.;23976842.22;Transporte y almacenamiento
PETROLEOS DEL PACIFICO S.A. PACIFPETROL;23953837.95;Minas y canteras
COCA-COLA DE ECUADOR S.A.;23892361.95;Actividades profesionales
CONSTRUCTORA CIUDADRODRIGO S.A.;23680494.59;Construcción
ROMAN HERMANOS S.A.;23045640.56;Transporte y almacenamiento
CANODROS C.L.;22976674.18;Actividades de servicios administrativos y de apoyo
MULTIQUIP S.A.;22976574.9;Transporte y almacenamiento
OPERADORA DEL PACIFICO S.A. (OPACIF);22903819.09;Transporte y almacenamiento
TERMINAL PORTUARIO DE MANTA TPM S.A.;22878614.17;Transporte y almacenamiento
HOLCIM AGREGADOS S.A.;22803140.12;Minas y canteras
BURSAL S.A.;22791137.43;Minas y canteras
ATTENZA DF ECUADOR S.A.S.;22694944.04;Transporte y almacenamiento
AKROS CIA. LTDA.;22682899.68;Información y comunicación
TRANSPORTES Y SERVICIOS ASOCIADOS SYTSA CIA. LTDA;22633123.28;Transporte y almacenamiento
MULTICINES S.A.;22597372.44;Información y comunicación
ETINAR S.A.;22559322.95;Construcción
TONGLING NONFERROUS METALS GROUP TONGGUAN CONSTRUCTION AND INSTALLATION CO., LTD.;22276492.77;Construcción
SYNLAB S.A.S.;22053979.72;Actividades de atención a salud
MKP-ECUADOR S.A.S.;21999593.66;Actividades profesionales
ECUAESTIBAS S.A.;21920491.32;Transporte y almacenamiento
CELI & CELI CIA. LTDA.;21863280.1;Construcción
LANDCO CONSTRUCTORS S.A.;21754620.15;Construcción
DELIVERY HERO (DH E-COMMERCE) ECUADOR S.A.S.;21743884.7;Información y comunicación
CASSCARSONE CIA.LTDA.;21733972.48;Actividades inmobiliarias
SERVICE OIL ECUADOR ECUASERVOIL S.A.;21595230.36;Actividades de servicios administrativos y de apoyo
AEROTRANSPORTES MAS DE CARGA SOCIEDAD ANONIMA DE CAPITAL VARIABLE;21482591.2;Transporte y almacenamiento
ISLAS GALAPAGOS TURISMO Y VAPORES CA;21466480.31;Transporte y almacenamiento
ELVAYKA KYOEI S.A.;21329789.97;Actividades inmobiliarias
HAPAG-LLOYD ECUADOR S.A.;21250577.94;Transporte y almacenamiento
CIERPRONTI S.A.;21230422.59;Actividades de servicios administrativos y de apoyo
EMINENS CIA. LTDA.;21209372.65;Actividades profesionales
RECICLADORA DE PLASTICOS RECIPLASTICOS S.A.;21204072.73;Distribución de Agua Alcantarillado y gestión de desechos
ESTRUCTURAS DE HIERRO EDEHSA SA;21007608.4;Construcción
SIMEUSFQ, SISTEMAS MEDICOS DE LA UNIVERSIDAD SAN FRANCISCO DE QUITO S.A.;20957901.63;Actividades de atención a salud
PEREZ, BUSTAMANTE & PONCE ABOGADOS CIA. LTDA.;20803695.68;Actividades profesionales
SEVILLA Y MARTINEZ INGENIEROS CA SEMAICA;20762630.58;Construcción
MINERA BELORO C. L.;20662084.23;Minas y canteras
CORPORACION ECUATORIANA DE TELEVISION C.LTDA.;20642200.71;Información y comunicación
INVESTIGACION, VIGILANCIA E INSTRUCCION, INVIN CIA. LTDA.;20598597.78;Actividades de servicios administrativos y de apoyo
SUPER PUNTOS S.A. (SPSA);20491845.38;Actividades profesionales
INSTITUTO ECUATORIANO DE ENFERMEDADES DIGESTIVAS GASTROCLINICA S.A.;20459491.3;Actividades de atención a salud
DEGELI S.A.;20376043.77;Financieras y seguros
ARKITRUST S.A.;20279449.86;Construcción
COBISCORP ECUADOR S.A.;20040985.78;Información y comunicación
INTERPUBLIC COLOMBIA S.A.S.;19969024.27;Actividades profesionales
PUBLIPROMUEVE S.A.;19856852.8;Financieras y seguros
SERSUPPORT CIA. LTDA.;19716514.13;Transporte y almacenamiento
SEDEMI SOLUCIONES PARA PROYECTOS DE INFRAESTRUCTURA SEDEMI-SOLUTIONS S.A.;19383858.48;Actividades profesionales
HOSPITAL DEL RIO HOSPIRIO S.A.;19119023.53;Actividades de atención a salud
AGRICOLA MINERA AGRIMROC S.A.;19098074.32;Minas y canteras
PAPIZZEC S.A.;19097600.57;Actividades de Alojamiento
JARA SEGURIDAD JARASEG CIA. LTDA.;19007858.05;Actividades de servicios administrativos y de apoyo
BGP ECUADOR CO S.A.;18824195.06;Minas y canteras
EQUINOXAIR S.A.S.;18824195.06;Transporte y almacenamiento
CLINICA DE ESPECIALIDADES MEDICAS SANTA INES SA;18677878.07;Actividades de atención a salud
G4S SECURE SOLUTIONS (ECUADOR) CIA. LTDA.;18516057.4;Actividades de servicios administrativos y de apoyo
SERVICIOS DENTALES SERVIDENT S.A.;18496305.08;Actividades de atención a salud
URBANO EXPRESS S.A. RAPIEXX;18328838.01;Transporte y almacenamiento
CHINA CIVIL ENGINEERING CONSTRUCTION CORPORATION;18323614.39;Distribución de Agua Alcantarillado y gestión de desechos
PECKSAMBIENTE S.A.;18274061.28;Minas y canteras
PROMOTORA ECUATORIANA DE CAFE DE COLOMBIA S.A. PROCAFECOL ECUADOR;18179215.12;Actividades de Alojamiento
FORTIUS S.A.;18165075.01;Actividades de servicios administrativos y de apoyo
EXTERNALIZACION DE SERVICIOS S.A. EXSERSA;17938650.84;Financieras y seguros
JARDINES DE ESPERANZA JARDIESA S.A.;17799214.52;Otras actividades de servicios
ORIENFLUVIAL S.A.;17788111.32;Actividades profesionales
LAARCOURIER EXPRESS S.A.;17746885.61;Transporte y almacenamiento
ZC MAYORISTAS S.A.;17667940.53;Actividades de servicios administrativos y de apoyo
PLAN AUTOMOTOR ECUATORIANO S.A. PLANAUTOMOTOR;17563846.36;Actividades profesionales
MAFRICO S.A.;17563799.01;Transporte y almacenamiento
LICOSA LICITACIONES Y CONTRATOS SA;17504205.97;Construcción
CONSTRUCTORA VILLACRECES ANDRADE CVA S.A.;17388655.35;Construcción
TECNISEGUROS S.A. AGENCIA ASESORA PRODUCTORA DE SEGUROS;17307257.66;Financieras y seguros
ASISKEN ASISTENCIA MEDICA S.A.;17249052.11;Financieras y seguros
GRUASATLAS CIA. LTDA.;17227143.62;Transporte y almacenamiento
AUDIOAUTO S.A.S.;17159356.37;Actividades de servicios administrativos y de apoyo
FUROIANI OBRAS Y PROYECTOS S.A.;17143432.75;Construcción
METROHOTEL CIA. LTDA.;17112650.39;Actividades de servicios administrativos y de apoyo
GELD-HOLDINGS S.A.;17007725.45;Financieras y seguros
C. STEINWEG (ECUADOR) S.A.;16943510.18;Transporte y almacenamiento
SAVERCORP S.A.;16903285.87;Actividades de atención a salud
CAMPOSANTOS DEL ECUADOR S.A. CAMPOECUADOR;16848013.03;Otras actividades de servicios
AFP GENESIS ADMINISTRADORA DE FONDOS Y FIDEICOMISOS S.A.;16693113;Financieras y seguros
CALIZAS HUAYCO S.A.;16677602.41;Minas y canteras
NOVOMETECUADOR S.A.;16587123.46;Minas y canteras
OCEANADVENTURES S.A.;16561669.19;Actividades de servicios administrativos y de apoyo
ASADERO LA ESQUINA DE ALES CIA.LTDA;16491106.21;Actividades de Alojamiento
VUMILATINA MEDICINA PREPAGADA S.A.;16470627.26;Financieras y seguros
SALELGI S.A.;16437356.34;Actividades inmobiliarias
LA PROVENZANA BRANDS DEL ECUADOR S.A.;16409172.3;Actividades de Alojamiento
INVESTEAM S.A.;16234492.03;Construcción
ORION ENERGY OCANOPB S.A.;16194289.97;Minas y canteras
HOTEL COLON GUAYAQUIL S.A.;16142975;Actividades de Alojamiento
HOLDING NALON S.A.S.;16022003.91;Actividades inmobiliarias
CONSUR R7H S.A.;15842386.2;Construcción
MCKINSEY & COMPANY, INC. ECUADOR;15830522.19;Actividades profesionales
CENTRO COMERCIAL EL CONDADO SA;15744382.13;Actividades inmobiliarias
PROMOTORES INMOBILIARIOS PRONOBIS S.A.;15660492.89;Actividades inmobiliarias
CORPORACION CFC S.A.;15516617.54;Actividades de servicios administrativos y de apoyo
COMPAÑIA DE SEGURIDAD INTEGRAL INSEVIG CIA. LTDA.;15359716.49;Actividades de servicios administrativos y de apoyo
PETREX S.A.;15102177.36;Minas y canteras
DISTRIPETROL S.A.;15079098.3;Suministro de Electricidad Gas Vapor y Aire acondicionado
A.E.S.M. ASESORES ESPECIALISTAS EN SEGURIDAD Y MONITOREO CIA.LTDA.;15077471.44;Actividades de servicios administrativos y de apoyo
ASISTANET S.A.;14909774.68;Actividades de atención a salud
CRCC 14TH BUREAU GROUP CO., LTD.;14853707.61;Construcción
CAJAMARCA PROTECTIVE SERVICES C. LTDA. CAJAPROTSERV;14752545.15;Actividades de servicios administrativos y de apoyo
JARDINES DEL VALLE JADEVAL CIA. LTDA.;14738433.91;Otras actividades de servicios
IC SERVICIOS DE SEGURIDAD PRIVADA DEL ECUADOR ICSSE CIA. LTDA;14687743.29;Actividades de servicios administrativos y de apoyo
PETROLI S.A.;14682970.2;Construcción
SUMEC COMPLETE EQUIPMENT & ENGINEERING CO., LTD.;14558725.68;Construcción
HP DRILLINGSERVICES S.A.S.;14547489.89;Minas y canteras
MEGAFRIO S.A.;14455675.9;Construcción
VISE-ECUADOR CIA.LTDA.;14313414.15;Actividades de servicios administrativos y de apoyo
PARADAIS S.A.;14228089.23;Información y comunicación
INESTRUCSUR INGENIERIA DE ESTRUCTURAS DE SUR AMERICA S.A.;14195585.03;Construcción
ECUASUEÑA S.A.;14118744.6;Actividades inmobiliarias
EFICACIAECUADOR S.A.;14095684.35;Actividades profesionales
FIDEVAL S.A. ADMINISTRADORA DE FONDOS Y FIDEICOMISOS;14061462.31;Financieras y seguros
NOKIA SOLUTIONS AND NETWORK ECUADOR S.A.;14038797;Información y comunicación
CONSTRUCTORA OVIEDO PALACIOS COVIPAL S.A.;14033322.57;Construcción
SECURITY DATA SEGURIDAD EN DATOS Y FIRMA DIGITAL S.A.;14012533.27;Información y comunicación
BANRED S.A.;13989408.73;Financieras y seguros
CORPORACION PARA LOS RECURSOS NATURALES CORENA S.A;13944853.83;Distribución de Agua Alcantarillado y gestión de desechos
EKRON CONSTRUCCIONES S.A.;13885899.18;Construcción
DRIL-QUIP VENEZUELA, S.C.A.;13869523.67;Minas y canteras
URBANIZADORA NACIONES UNIDAS SA;13804697.59;Actividades inmobiliarias
MEDISYSTEM HOLDING S.A.;13668475.05;Financieras y seguros
MANLIM MANTENIMIENTO Y LIMPIEZA S.A.;13631421.41;Actividades de servicios administrativos y de apoyo
PROMINE CIA. LTDA.;13569549.15;Minas y canteras
HOLDINGPESA S.A.;13519698.02;Financieras y seguros
INVERSIONES ABSA INVERABSAHOLD S.A.;13519698.02;Financieras y seguros
INTERFOODSERVICES S.A.;13514650;Financieras y seguros
PRICEWATERHOUSECOOPERS DEL ECUADOR CIA. LTDA.;13489646.47;Actividades profesionales
CNLC ECUADOR CORPORACION S.A..;13472742;Minas y canteras
TELECUATRO GUAYAQUIL CA;13453310.4;Información y comunicación
METALESA S.A.;13409569.99;Minas y canteras
ROAD TRACK ECUADOR S.A.;13379217.1;Información y comunicación
PLAN VITAL VITALPLAN S.A.;13338208.7;Financieras y seguros
GESTOR S.A.S.;13306481.97;Financieras y seguros
CINEMARK DEL ECUADOR S.A.;13255652.69;Información y comunicación
KLUANE DRILLING ECUADOR S.A.;13200839.4;Minas y canteras
AGRIPLAZA S.A.;13168659.49;Minas y canteras
DATA TOOLS S.A.S.;13149881.24;Información y comunicación
FERRICOMP S.A.;13100966.62;Actividades inmobiliarias
ACADEMIA NAVAL ALMIRANTE ILLINGWORTH SA ANAI;13073006.54;Enseñanza
HOMSI HOSPITAL MONTE SINAI S.A.;12981606.62;Actividades de atención a salud
OPTIMIZACION DE MEDIOS DIRECTOS OPMED S.A.;12955408.37;Actividades profesionales
ADECCOIBERIA S.A.;12949441.83;Actividades de servicios administrativos y de apoyo
DELLAIR SERVICES S.A.;12922854.08;Actividades profesionales
VENETIANCORP S.A.;12865538.89;Actividades inmobiliarias
BIODIMED S.A.;12752123.23;Actividades de atención a salud
CADMECORP ASOCIADOS S.A.;12721407.26;Construcción
AMERICAN CALL CENTER S.A. (AMERICALL);12579532.51;Actividades de servicios administrativos y de apoyo
MEDICAL CUBACENTER S.A.;12457361.49;Actividades de atención a salud
MINDSHARE DEL ECUADOR C. LTDA.;12447330.14;Actividades profesionales
RENALCENTRO S.A.;12417940.54;Actividades de atención a salud
AIFA S.A.;12407244.34;Actividades de servicios administrativos y de apoyo
GONZALO LEON SERRANO CONSTRUCTORES S.A.;12306850;Construcción
AMAZONASHOT (HOTELERIA, ORGANIZACIONES Y TURISMO) S.A.;12243920.12;Actividades de Alojamiento
PROCOPET PROYECTOS Y CONSTRUCCIONES PETROLERAS S.A.;12217355.61;Construcción
BUREAU VERITAS ECUADOR S.A.;12183506.27;Actividades profesionales
H.O.V. HOTELERA QUITO SA;12183287.34;Actividades de Alojamiento
COMPAÑIA DE ALQUILER Y SUMINISTRO PETROLERO R.S. ROTH S.A.;12165094.23;Actividades de servicios administrativos y de apoyo
GOFORCUSTOMER S.A.;12148000.66;Actividades de servicios administrativos y de apoyo
ECOELECTRIC S.A.;12107837.65;Suministro de Electricidad Gas Vapor y Aire acondicionado
OCEANSECURITY C. LTDA.;12093865.55;Actividades de servicios administrativos y de apoyo
CLINICA INTERNACIONAL INTERSANITAS SA;12092611.49;Actividades de atención a salud
LINCOLNCORP S.A.;12079482.47;Construcción
TACTICA PUBLICITARIA S.A. TACTISA;11932305.61;Actividades profesionales
MEDIKEN MEDICINA INTEGRAL KENNEDY SA;11913361.68;Financieras y seguros
CORPORACION AIDA MONTOYA & HIJAS CIA. LTDA.;11904439.08;Enseñanza
ELITENERGY GENERACION ELECTRICA S.A.;11873164.67;Suministro de Electricidad Gas Vapor y Aire acondicionado
"VEOLIA SERVICIOS AMBIENTALES ECUADOR ''VEOLIASERVICES"" S.A.";11742309.52;Distribución de Agua Alcantarillado y gestión de desechos
''PUENTES Y CALZADAS INFRAESTRUCTURAS, S.L.'';11741022.54;Construcción
C&CHOLDING CIA.LTDA.;11695387.99;Financieras y seguros
CONSTRUCTORA VELASTEGUI CERON & ASOCIADOS CIA. LTDA.;11634027.58;Actividades profesionales
INVERSION Y DESARROLLO INVEDE S.A.;11519448.7;Actividades inmobiliarias
CONSTRUCTORA CONALBA S.A.;11456534.12;Construcción
ASERTEC S.A.;11424658.41;Financieras y seguros
FIDUCIA S.A. ADMINISTRADORA DE FONDOS Y FIDEICOMISOS MERCANTILES;11386582.7;Financieras y seguros
SKANDINAR S.A.;11357795.51;Actividades de Alojamiento
TABACARCEN S.A. TABABELA CARGO CENTER;11355999.03;Actividades profesionales
CONSTRUCTORA VICENTE RODRIGUEZ CIA. LTDA.;11355111.85;Construcción
INMODIAMANTE S.A.;11354328.03;Actividades profesionales
SERVICIOS EXEQUIALES PREVISIVOS INTEGRADOS SEPREVI CIA. LTDA.;11346781.47;Otras actividades de servicios
MASTRAVELSA S.A.;11329760.94;Actividades de servicios administrativos y de apoyo
TECNOLOGIA TOTAL TECTOTAL CIA. LTDA;11308755.81;Construcción
SIMPLELIFE PRODUCTS S.A.;11272638.68;Actividades de servicios administrativos y de apoyo
RAPPIEC S.A.S.;11220539.02;Información y comunicación
EY ADDVALUE ASESORES CIA. LTDA.;11184856.81;Actividades profesionales
CENTRO DE DIALISIS CONTIGO S.A. DIALICON;11165916.22;Actividades de atención a salud
SERVICIOS INTEGRADORES DE MENSAJERIA DE TEXTO Y TECNOLOGIA MISIVACORP S.A.;11132374.64;Información y comunicación
ACCYEM PROYECTOS CIA. LTDA.;11015266.97;Actividades profesionales
HOTEL ORO VERDE S.A. HOTVER;10979453.01;Actividades de Alojamiento
MEDIANET S.A.;10943660.76;Financieras y seguros
DELTA SEGURIDAD PRIVADA DESEGRI CIA. LTDA.;10854087.44;Actividades de servicios administrativos y de apoyo
AXA ASSISTANCE PERU S.A.C.;10812665.47;Actividades profesionales
SERVICOSECHA S.A.;10789642.33;Actividades de servicios administrativos y de apoyo
ACCIONA AGUA S.A.;10768100.45;Distribución de Agua Alcantarillado y gestión de desechos
ASERLACO S.A.;10756592.48;Actividades de Alojamiento
INMOBILIARIA NUEVO MUNDO INMOMUNDO S.A.;10735558.4;Actividades inmobiliarias
PROCISA ECUADOR S.A.;10709221;Construcción
FTCLIVE S.A.S.;10665518.69;Actividades entretenimiento
SEGURIDAD MAXIMA SEGUMAX CIA. LTDA.;10645917.94;Actividades de servicios administrativos y de apoyo
ECUAMBIENTE CONSULTING GROUP CIA. LTDA;10644974.92;Actividades profesionales
ENERMAX S.A;10636669.27;Suministro de Electricidad Gas Vapor y Aire acondicionado
ZURITA & ZURITA LABORATORIOS CIA. LTDA.;10626821.2;Actividades de atención a salud
ECORESA ECOLOGIA & RECICLAJE S.A.;10600728.27;Distribución de Agua Alcantarillado y gestión de desechos
CIPORT & TECNAC CIPTE C.L.;10551890.95;Construcción
GRUBALUZON CIA. LTDA;10475598.83;Actividades profesionales
ECLIPSOFT S.A.;10447583.94;Información y comunicación
COMPAÑIA DE MEDICINA PREPAGADA INMEDICAL MEDICINA INTERNACIONAL S.A.;10402693.35;Financieras y seguros
SURGALARE S.A.;10324385.94;Distribución de Agua Alcantarillado y gestión de desechos
GEOFORCE S.A.;10303318.89;Construcción
VASERUM S.A.;10278793.28;Actividades de servicios administrativos y de apoyo
SERUVI S.A.;10186968.75;Actividades inmobiliarias
GRANSOLAR S.A.;10163926.72;Suministro de Electricidad Gas Vapor y Aire acondicionado
SERVICIOS HOSPITALARIOS S.A. ALBOTEOTON;10132753.37;Actividades de atención a salud
CTEC CONECTIVIDAD & TECNOLOGÍA S.A.;10118642.77;Información y comunicación
INTRICALMED S.A. INTRICALMEDSA;10031870.91;Actividades de atención a salud
VALKATISA S.A.;10031020.11;Actividades inmobiliarias
ANALYTIC NEWS MONITOREO DE MEDIOS S. A.;10010557.14;Información y comunicación
CHAVEZSOLUTIONS AMBIENTALES CIA. LTDA.;9979630.35;Actividades profesionales
ASESORIA JURIDICA ROMERO S.A. ASEROMER;9947685.71;Actividades profesionales
MEDICINA PREPAGADA CRUZBLANCA S.A.;9911361.18;Financieras y seguros
ARIADNAECU CIA. LTDA.;9890578.71;Información y comunicación
LIFE & HOPE SPECIALITY CARE S.A. CENTRO DE TRATAMIENTOS AMBULATORIOS;9847433.09;Actividades de atención a salud
MEDILINK S.A.;9810383.2;Actividades de atención a salud
AQUANATURISA S.A.S.;9789451.53;Actividades profesionales
VITALIA COMPANY HOLDING S.A.;9785782.12;Financieras y seguros
INMOBILIARIA NUEVO CARAPUNGO INMOCARAPUNGO S.A.;9739411.53;Actividades inmobiliarias
SICONTAC CENTER S.A.;9736110.94;Actividades de servicios administrativos y de apoyo
ENGIPETROL S.A.;9642974.25;Actividades profesionales
CATERING LAS PEÑAS CATERINGLASPEÑAS CIA.LTDA.;9624686.48;Actividades de Alojamiento
PROMOLUCKY S.A.;9584109.13;Actividades profesionales
CENTRO MEDICO AMBULATORIO METROAMBULAT S.A.;9565948.51;Actividades de atención a salud
CLEANSTAR S.A.;9511721.67;Actividades de servicios administrativos y de apoyo
INVESTMENT GROUP INVESTGROUP S.A.S.;9493231.76;Financieras y seguros
EMPROSERVIS CIA. LTDA.;9489262.39;Actividades profesionales
HELADERIAS TUTTO FREDDO S.A;9481932.64;Actividades de Alojamiento
COMPAÑIA ANDINA DE ALIMENTOS, VINOS Y ESPIRITOSOS CAVES S.A. E.M.A.;9451352.15;Actividades de Alojamiento
SECURITAS ECUADOR CIA. LTDA.;9415378.98;Actividades de servicios administrativos y de apoyo
MABECA- CORPORATION S.A.;9324818.58;Actividades profesionales
HYDRIAPAC S.A.;9323394.15;Distribución de Agua Alcantarillado y gestión de desechos
ASOCIACION MEDICA RENAL PORTOVIEJO ASMERP S.A.;9317000.08;Actividades de atención a salud
ECOLAB ECUADOR CIA. LTDA.;9299071;Distribución de Agua Alcantarillado y gestión de desechos
OLANDESEL S.A.;9235509.92;Actividades inmobiliarias
MEDISFARMACO S.A.;9216551.9;Actividades de atención a salud
ECUAPETSA PET DEL ECUADOR S.A.;9199759.33;Distribución de Agua Alcantarillado y gestión de desechos
DESINVEST S.A.;9185930.3;Actividades profesionales
GRUPO DE CONTROL DE RIESGOS CONTROLRISK CIA. LTDA.;9177667.55;Actividades de servicios administrativos y de apoyo
GENERADORA ROCAFUERTE S.A. GENEROCA;9132281.7;Suministro de Electricidad Gas Vapor y Aire acondicionado
AYESA INGENIERIA Y ARQUITECTURA, S.A.U.;9116146.5;Actividades profesionales
HOSPITAL CLINICA SAN AGUSTIN CIA. LTDA.;9097505.74;Actividades de atención a salud
INMOBILIARIA INTELCA C LTDA;9029457.2;Actividades de servicios administrativos y de apoyo
AEEQUS CORPORATION HOLDING S.A.;8916275.51;Financieras y seguros
HIDROSIGCHOS C.A.;8906918.96;Suministro de Electricidad Gas Vapor y Aire acondicionado
SERVICIOS MEDICOS ANGIOMANABI CIA. LTDA.;8864690.7;Actividades de atención a salud
EXPLODE FILMS EXPLOFILMS S.A.;8859312.33;Información y comunicación
SFM FACILITY SERVICIOS COMPLEMENTARIOS S.A.;8846206.67;Actividades de servicios administrativos y de apoyo
ECUASTOCK S.A.;8684247.41;Financieras y seguros
HOTEL COLON INTERNACIONAL CA;8652313.5;Actividades de Alojamiento
DELOITTE & TOUCHE ECUADOR CIA. LTDA.;8649081.1;Actividades profesionales
COMCONSULTING S.A.;8626496.79;Actividades profesionales
GRUPO MICROSISTEMAS JOVICHSA S. A.;8563154.44;Información y comunicación
BARKA CAPITAL S.A.;8536554.15;Financieras y seguros
CANEYBI CORP S.A.;8520536.92;Actividades inmobiliarias
GESTION EN INFORMACION Y TECNOLOGIA GESTIONTEC CIA LTDA.;8475084.53;Actividades profesionales
FIBRAS NACIONALES FIBRANAC S.A.;8473613.28;Distribución de Agua Alcantarillado y gestión de desechos
LICEO PANAMERICANO LPSA S.A.;8423270.25;Enseñanza
ENTRIX AMERICAS S.A.;8352605.81;Actividades profesionales
MONTANGELLO-VENTURE S.A.S.;8308753.07;Financieras y seguros
S.G.S. DEL ECUADOR SA;8291783.55;Actividades profesionales
GATEGOURMET DEL ECUADOR CIA. LTDA.;8216537.72;Actividades de Alojamiento
ROBALINO ABOGADOS ECUADOR FEREC S.A.;8192259.27;Actividades profesionales
EL CAFE DE TERE CAFEDETERE S.A.;8170742.77;Actividades de Alojamiento
BIOCELLS DISCOVERIES INTERNACIONAL S.A.;8110017.94;Actividades profesionales
CLINICA SANTA ANA CENTRO MEDICO QUIRURGICO S. A.;8085368.62;Actividades de atención a salud
DIALISIS Y SERVICIOS DIALILIFE S.A.;8052169.25;Actividades de atención a salud
PWC ASESORES EMPRESARIALES CIA. LTDA.;8021735.22;Actividades profesionales
ARTIC PUBLICIDAD S.A.;7971572.11;Actividades profesionales
ZUKALO S.A.;7879897.66;Información y comunicación
INTERCOMMERCE S.A.;7865125.85;Información y comunicación
EXPORECICLA S.A.;7859597.91;Distribución de Agua Alcantarillado y gestión de desechos
SERVICIO DE ADMINISTRACION DE BIENES DIBIENS S.A.;7782071.47;Actividades inmobiliarias
CORPORACIÓN GENUS S.A.S.;7767592.2;Actividades de Alojamiento
PROMOTORA HOTEL DANN CARLTON QUITO, PROMODANN CIA. LTDA.;7762154.74;Actividades de Alojamiento
TERMAS DE PAPALLACTA S.A.;7711993.12;Actividades de Alojamiento
NUOTECNOLOGICA CIA. LTDA.;7702037.35;Información y comunicación
COMPAÑIA SALUD PLENA S.A. PLENISALUD;7648312.33;Actividades de atención a salud
ENTERTAINMENT DISCOVERY DISCOVERMENT S.A.;7612491.17;Actividades entretenimiento
INMOBILIARIA MERIDIONAL S.A. INMERISA;7591152.25;Actividades inmobiliarias
IMPORPOINT S.A.;7581363.2;Actividades inmobiliarias
CENDIAVIA CENTRO MEDICO DE ESPECIALIDADES Y DE DIAGNOSTICO VIDA CIA. LTDA.;7577823.18;Actividades de atención a salud
CLINICA DE ESPECIALIDADES GEP COLONIAL CIA. LTDA.;7565343.52;Actividades de atención a salud
INMOBILIARIA COSTAZUL S.A. INMOCOSTAZUL;7514617.63;Actividades inmobiliarias
INCORAZON S.A.;7503725.31;Actividades de atención a salud
COMPAÑIA SCOLASTICOMP CIA. LTDA.;7497405.35;Enseñanza
RESTAURANTES DEL NORTE ''RESNORTE'' S.A.;7458634.32;Actividades de Alojamiento
LABORATORIO CLINICO ALCIVAR S.A. ALCLINIC;7381223.76;Actividades de atención a salud
HOSPITAL INGLES EMCI CIA. LTDA.;7362065.03;Actividades de atención a salud
EMECORP S.A.;7260490.18;Actividades inmobiliarias
PROMOCIONES EDUCATIVAS PROMOEDU S.A.;7208005.85;Enseñanza
EMPRESA HOTELERA LUCUPA S.A.;7203557.27;Actividades de Alojamiento
HOSPITAL SAN JUAN HOSPIESAJ S.A.;7172411.2;Actividades de atención a salud
IN.PLANET S.A.;7084577.13;Información y comunicación
INSTITUTO DE CIENCIAS CRITICAS MANABI ICCMANABI S.A.;7064608.57;Actividades de atención a salud
MACHALADENT S.A.;7022473.78;Actividades de atención a salud
NOVACLINICADELVALLE CIA.LTDA.;6998534.97;Actividades de atención a salud
GRUENTEC CIA. LTDA.;6979248.76;Actividades de atención a salud
GRUPDECO S.A.;6951674;Actividades inmobiliarias
CCCH CENTRO COMERCIAL LOS CHILLOS S.A.;6950403.49;Actividades inmobiliarias
COMPAÑIA DE NEGOCIOS Y PROPIEDADES GRAN CONDOR CONPROGRA CIA.LTDA.;6944115.22;Actividades de Alojamiento
NOVARED-NEGOCIOS Y RECICLAJES S.A.;6925470.98;Distribución de Agua Alcantarillado y gestión de desechos
INDUSTRIA ECUATORIANA DE PLASTICOS INPLASTIC S.A.;6920058.5;Actividades inmobiliarias
SECURESOFT ECUADOR S.A.;6902124.52;Información y comunicación
ESPOLTEL S.A.;6872756.37;Información y comunicación
CENTURIOSA S.A.;6851942.16;Otras actividades de servicios
SOCIEDAD DE HEMODIALISIS SOCIHEMOD CIA. LTDA.;6747150;Actividades de atención a salud
DONGFANG ELECTRIC ECUADOR S.A.;6724316.92;Suministro de Electricidad Gas Vapor y Aire acondicionado
RECICLAJES INTERNACIONALES RECYNTER S.A.;6677067.35;Distribución de Agua Alcantarillado y gestión de desechos
QUALIDENTAL S.A.;6644001.97;Actividades de atención a salud
PARQUESANTO DEL ECUADOR S.A. PQE;6634815.55;Otras actividades de servicios
CASTENI CIA.LTDA.;6574202.1;Actividades de Alojamiento
CORPKADILAC S.A.;6539829.38;Actividades de atención a salud
UNOSYSTEMS S.A.;6536116.02;Información y comunicación
ANYWAYBAC CIA. LTDA.;6524118.73;Información y comunicación
CENTRO EDUCATIVO INTEGRAL CENEICA SA;6513312.51;Enseñanza
MANTAORO HOTELERA MANTA S.A.;6436617.47;Actividades de Alojamiento
ORGANIZACION ECUATORIANA DE TELEVISION ORTEL S.A.;6404890;Información y comunicación
INSTITUTO EDUCATIVO MODERNO DE GUAYAQUIL INEMOQUIL C LTDA;6375602.61;Enseñanza
INMOBILIARIA CONSTRUCTORA MATUTE JIMENEZ INMOCONSTRUMAJI S.A.;6286542;Actividades inmobiliarias
TOPSHOWS CIA. LTDA.;6241983.01;Actividades entretenimiento
DIAMOND CLUB S.A. DICLUB;6236933.44;Otras actividades de servicios
INDUSTRIAL Y COMERCIAL FARAHON INCFAR S.A.;6191280.93;Actividades inmobiliarias
RECBAS RECOLECCION Y RECICLAJE S.A.;6149600.25;Distribución de Agua Alcantarillado y gestión de desechos
SISTEMAS Y EQUIPOS INDUSTRIALES C.LTDA. SEIN;6083195.77;Enseñanza
VISOLIT S.A.;5909654.25;Distribución de Agua Alcantarillado y gestión de desechos
MILLENIUM S.A.;5868761.86;Actividades inmobiliarias
AFIATIC COMUNICACIONES CIA.LTDA.;5743458.62;Información y comunicación
SERVICIOS EDUCATIVOS (SERVIEDUCA S.A.);5707469.61;Enseñanza
ECOREXCICLE S.A.S.;5648196.44;Distribución de Agua Alcantarillado y gestión de desechos
BEAUTYZOE S.A.S.;5633119.38;Otras actividades de servicios
HITSS ECUADOR S.A.;5526758.11;Información y comunicación
ACIREALE S.A.;5443496.92;Actividades inmobiliarias
UNICENTRO TURISTICO JABUCAM SA;5380701.45;Actividades de Alojamiento
REDACOPIO S.A.;5298702.84;Actividades de Alojamiento
SERVICIOS DE EDUCACION SEDUC C LTDA;5296957.41;Enseñanza
EQUITATIS S.A.;5277089.21;Suministro de Electricidad Gas Vapor y Aire acondicionado
SERVIRESIDUOS S.A.;5253957.6;Distribución de Agua Alcantarillado y gestión de desechos
CENTRAL DE ALIMENTOS CENTRALIMENTOS S.A.;5190866.15;Actividades de Alojamiento
HOTELMASHPI S.A.;5151482.02;Actividades de Alojamiento
PUNTABARRANCA S.A.S.;5072425.5;Actividades inmobiliarias
GPOWERGROUP S.A.;5052581.01;Distribución de Agua Alcantarillado y gestión de desechos
DRUFESA S.A.;5050653.7;Actividades inmobiliarias
MULTITIENDAS S.A.;5033279.55;Actividades de Alojamiento
KANDOMBE S.A.;5031673.57;Actividades inmobiliarias
JUSTICECOMPANY TECNICA INDUSTRIAL S.A.;4991622.54;Suministro de Electricidad Gas Vapor y Aire acondicionado
INMOBILIARIA GALILEA-ECUADOR S.A.;4953292.2;Actividades inmobiliarias
COMERCIAL EL ARBOLITO CIA. LTDA.;4942673.55;Actividades de Alojamiento
THE NAIL KITCHEN EC THENAILKITCHEN S.A.S.;4926393.36;Otras actividades de servicios
LICEO BILINGUE LOS ANDES, BILOSAN SA;4915483.88;Enseñanza
INMOBILIARIA INVESTA SA;4851623.86;Actividades inmobiliarias
CELIACORP S.A.;4830746;Actividades inmobiliarias
ABB ECUADOR S.A.;4829391;Suministro de Electricidad Gas Vapor y Aire acondicionado
FILESTORAGE S.A.;4813359.93;Actividades entretenimiento
MENDOGAS S.A.;4756246.22;Suministro de Electricidad Gas Vapor y Aire acondicionado
PAKAKUNABAU CIA. LTDA.;4738149.69;Actividades inmobiliarias
DESARROLLO DE VIVIENDAS SOCIALES S.A. DEVISO;4695328.68;Actividades inmobiliarias
RESTBAR S.A.;4616317.23;Actividades de Alojamiento
MULTITECNOS S.A.;4575236.08;Otras actividades de servicios
INMOBILIARIA COSTANERA INMOCOST S.A.;4558191.76;Actividades inmobiliarias
MARISCAL SUCRE UNIDAD EDUCATIVA MARISCALSUCRE S.A.;4520443.55;Enseñanza
HOSFINTEL CIA. LTDA.;4494395.94;Actividades de Alojamiento
LUNACORP S.A.;4494027.29;Actividades de Alojamiento
INCINERACION RESIDUOS TOXICOS PELIGROSOS INCINEROX CIA. LTDA.;4482123;Distribución de Agua Alcantarillado y gestión de desechos
GOURMET FOOD SERVICE GFS S.A.;4454472.44;Actividades de Alojamiento
CENTRO EDUCATIVO ISAAC NEWTON C LTDA;4424003.95;Enseñanza
KOTSKA PROFESORES REUNIDOS DEL ECUADOR SA;4419551.84;Enseñanza
ECOLUZ S.A;4291893.67;Suministro de Electricidad Gas Vapor y Aire acondicionado
CONTACTO INMOBILIARIO INMOCONTACTO CIA.LTDA;4258958.51;Actividades inmobiliarias
HOTEL CASAGANGOTENA S.A.;4243313.88;Actividades de Alojamiento
ACCISEL S.A.S.;4231967.48;Actividades inmobiliarias
THOMAS MORE TMSA S.A.;4188829.66;Enseñanza
FRIAL CIA LTDA;4134117.43;Actividades inmobiliarias
RECICLAJES DEL PACIFICO RECYCLINGPACIFIC S.A.;4114634.47;Distribución de Agua Alcantarillado y gestión de desechos
GEOCYCLE-ECUADOR S.A.;4100628.18;Distribución de Agua Alcantarillado y gestión de desechos
PROMOTORES EDUCATIVOS EDUPROM S.A.;4095975.83;Enseñanza
ESTACION DE SERVICIO Y GASOLINERA LOS ALTARES CIA.LTDA.;4074616.51;Suministro de Electricidad Gas Vapor y Aire acondicionado
ALISMAY CIA. LTDA.;4061027.91;Actividades de Alojamiento
CAMPOSANTOS EL ORO CAMPORO S.A.;4057267.66;Otras actividades de servicios
CISCOSYSTEMS ECUADOR S.A.;3989149;Otras actividades de servicios
FAVORITARECICLA S.A.;3982166.98;Distribución de Agua Alcantarillado y gestión de desechos
CENTRO EDUCATIVO NUEVO MUNDO SA;3928225.52;Enseñanza
SERVICIOS EDUCACIONALES MARTIMCERERE SA;3917269.24;Enseñanza
COLEGIO SEK LOSVALLES CIA.LTDA.;3877362.5;Enseñanza
NEGOCIOS MENDOZA NEMEN S.A.;3846368.99;Suministro de Electricidad Gas Vapor y Aire acondicionado
TRASELEC SA;3834396.35;Suministro de Electricidad Gas Vapor y Aire acondicionado
REYPROPAPEL RECICLAR CIA. LTDA.;3798339.85;Distribución de Agua Alcantarillado y gestión de desechos
HAZWAT CIA. LTDA.;3741328.38;Distribución de Agua Alcantarillado y gestión de desechos
GUAYHOST S.A.;3727715.74;Actividades de Alojamiento
ALIMENTOS DEL GOLFO S.A.S.;3719204.75;Actividades de Alojamiento
SACHALODGE S.A.;3682182.45;Actividades de Alojamiento
ITRONIK SERVICES S.A.;3678235.56;Otras actividades de servicios
O.V. HOTELERA MACHALA S.A.;3624259.37;Actividades de Alojamiento
CITYMAXIS S.A.;3600427.34;Actividades de Alojamiento
CAMPOSANTO SANTA ANA CAMPSANA S.A.;3566833.79;Otras actividades de servicios
JARDINES DE MANABI JARDEMA S.A.;3505177.08;Otras actividades de servicios
AQUAYSISTEMAS S.A.;3415934.83;Distribución de Agua Alcantarillado y gestión de desechos
AQUAKLEANER S. A.;3355798.43;Distribución de Agua Alcantarillado y gestión de desechos
VALANGO S.A.;3320249.01;Distribución de Agua Alcantarillado y gestión de desechos
CORPORACION EDUCATIVA CORPOEDU CIA. LTDA.;3286407.41;Enseñanza
RECICLA COMPRA VENDE RECIPLACOM S.A.;3253514.99;Distribución de Agua Alcantarillado y gestión de desechos
ESTACION DE SERVICIOS HNOS. CHALEN S.A. CHAR;3208586.94;Suministro de Electricidad Gas Vapor y Aire acondicionado
MOLIDOSECUADOR S.A.;3192763.34;Distribución de Agua Alcantarillado y gestión de desechos
UNIDAD EDUCATIVA LEMAS S.A. UNILEMAS;3126722.64;Enseñanza
COMPUHELP S.A.;3126297.86;Otras actividades de servicios
RECICLAYA S.A.;3099864.48;Distribución de Agua Alcantarillado y gestión de desechos
CARSALU S.A.;3083019;Enseñanza
CAMPOSANTO JARDINES DEL EDEN S.A CAJARDENSA;3070490.67;Otras actividades de servicios
COLEGIO INTERNACIONAL BRITANICO, INTERCOLBRIT CIA. LTDA.;3059829.54;Enseñanza
UNIDAD EDUCATIVA SANTANA UNESA S.A.;3031757.47;Enseñanza
PROCESADORA DE PLASTICOS RTRECICLART S.A.;3012340.25;Distribución de Agua Alcantarillado y gestión de desechos
HIDROELECTRICA SAN JOSE DE MINAS S.A.;3011563.71;Suministro de Electricidad Gas Vapor y Aire acondicionado
SOLUCIONES INTEGRALES DE SERVICIOS MASIVOS SOISEM S.A. SOISEMSA;3004780.4;Distribución de Agua Alcantarillado y gestión de desechos
RECICLADORA DE METALES DEL SUR REMISURSA S.A.;2995948.91;Distribución de Agua Alcantarillado y gestión de desechos
ONDU SOLUCIONES TECNOLOGICAS S.A.;2945848.21;Otras actividades de servicios
ROCKVIT S.A.;2841765.79;Actividades entretenimiento
IMPORFRIO&SERVI S.A.;2831136.13;Otras actividades de servicios
IMPORTADORA COMERCIALIZADORA DE TECNOLOGIA ECOPHONESERTEC S.A.;2745252.23;Otras actividades de servicios
RECIPLAST C.A.;2737267.66;Distribución de Agua Alcantarillado y gestión de desechos
ADSEFUM ADMINISTRADORA DE SERVICIOS FUNERARIOS S.A.;2715097.82;Otras actividades de servicios
SERVICIOS EDUCATIVOS JIM IRWIN CIA. LTDA.;2698348.13;Enseñanza
UNIDAD EDUCATIVA LUDOTECA PADRE VICTOR GRADOS PVG CIA.LTDA.;2689725.15;Enseñanza
NIUCO SPORTS S.A.S.;2670120;Actividades entretenimiento
HIDROVICTORIA S.A.;2662004.59;Suministro de Electricidad Gas Vapor y Aire acondicionado
ASISTENCIA Y PREVISION ASSISPREV S.A.;2657618.01;Otras actividades de servicios
LEV VYGOTSKY S.A.S.;2620145.23;Enseñanza
TDC-RESTAURANTS S.A.;2619840.45;Enseñanza
FABRICACION Y DISTRIBUCION DE HERRAJES ELECTRICOS FADHELEC CIA. LTDA.;2594854.19;Otras actividades de servicios
MANEJO SEGURO S.A. MASEGUR;2504648.66;Enseñanza
EF EDUCACION INTERNACIONAL EFECUADOR S.A.;2476758.62;Enseñanza
FUNERARIA ARMONY S.A.S.;2476047.93;Otras actividades de servicios
COBROSESA S. A.;2453753.55;Otras actividades de servicios
TIFROST S.A.;2441984.99;Suministro de Electricidad Gas Vapor y Aire acondicionado
SOLARTEAM S.A.S.;2386235.74;Suministro de Electricidad Gas Vapor y Aire acondicionado
MEGAFRUIT S.A.;2372779.39;Suministro de Electricidad Gas Vapor y Aire acondicionado
VIOLETA PAZMIÑO & ASOCIADOS CIA. LTDA.;2353190.92;Enseñanza
CENTRO DE MANTENIMIENTO ELECTRICO ELECTRICLASER S.A.;2329542.38;Suministro de Electricidad Gas Vapor y Aire acondicionado
EDUCADORES LUTERANOS EDULUTERANOS CIA. LTDA.;2323065.28;Enseñanza
PACHAEDU S.A.;2312941.81;Enseñanza
CRUZ DEL NORTE S.A. CRUZNORTE;2310921.5;Enseñanza
PROTEINAS NATURALES S.A. PROTENAT;2306902.36;Actividades entretenimiento
COLDELFO S.A.;2285356.72;Enseñanza
WILLIAM CAXTON COLLEGE CIA. LTDA.;2273817.31;Enseñanza
INFORMAPORT S.A.;2223577.23;Suministro de Electricidad Gas Vapor y Aire acondicionado
EDUCACORP S.A.;2171941.43;Enseñanza
CENED CENTRO EDUCATIVO CREAR C. LTDA.;2158055.13;Enseñanza
MUNDO EDUCATIVO CIA. LTDA. EDUCAMUNDO;2154962.09;Enseñanza
ORGANIZACIONES PADISA S.A.;2130574;Enseñanza
BECQUEREL S.A.;2123585.82;Enseñanza
BUCKINGHAM ENGLISH CENTER S.A. BUCKCENTER;2118450.06;Enseñanza
SOYALIM S.A.;2116438.98;Distribución de Agua Alcantarillado y gestión de desechos
GLOBALPARTS S.A.;2072528.05;Distribución de Agua Alcantarillado y gestión de desechos
SMARENSOL S.A.;2062766.42;Suministro de Electricidad Gas Vapor y Aire acondicionado
SOFCO ECUADOR S.A.;2048719.13;Actividades entretenimiento
OLETNAT S.A.;2045483.41;Distribución de Agua Alcantarillado y gestión de desechos
A-C DEPOT DEL ECUADOR S.A. ACDEPOT;1976940.52;Otras actividades de servicios
MAKTUB S.A.;1976076.97;Actividades entretenimiento
PRIMEFENIX S.A.;1952176.75;Enseñanza
ARCTURUS CIA. LTDA.;1948013.81;Enseñanza
UNIDAD EDUCATIVA ANTONIO NEUMANE CIA. LTDA.;1947940.02;Enseñanza
HARDWARE STORE CUEVA HASTORCU CIA.LTDA.;1905847.4;Otras actividades de servicios
KINGMETRUST S.A.;1899450.13;Distribución de Agua Alcantarillado y gestión de desechos
SERVICESMART S.A.;1892466.07;Distribución de Agua Alcantarillado y gestión de desechos
ELECSATEC CIA.LTDA.;1882040.4;Suministro de Electricidad Gas Vapor y Aire acondicionado
SATRE COMUNICACION INTEGRAL CIA. LTDA;1871245.26;Actividades entretenimiento
COMPAÑIA PARA LA EDUCACION Y FORMACION COPEDFORMAR CIA. LTDA.;1870080.6;Enseñanza
EDUSOLER CIA. LTDA.;1849473.52;Enseñanza
SOLUCIONES EMPRESARIALES AVAM S.A.S.;1845886;Actividades entretenimiento
INSTITUTO LIDERES DE CAPACITACIÓN PROFESIONAL ILIDERCAP CIA.LTDA.;1842761.25;Enseñanza
DABAEDUCASA S.A.;1832781.48;Enseñanza
FRANCO TORRES COMERCIALIZADORA FRANCO&TORRES CIA.LTDA.;1818651.33;Suministro de Electricidad Gas Vapor y Aire acondicionado
UNIDAD EDUCATIVA GUTENBERG SCHULE GUTSCHULE CIA.LTDA.;1807238.33;Enseñanza
AGUAS DEL ECUADOR ADE CIA.LTDA.;1771041.81;Distribución de Agua Alcantarillado y gestión de desechos
INGENIERIA Y SERVICIOS AMBIENTALES S.A. ISASA;1750457.94;Distribución de Agua Alcantarillado y gestión de desechos
VIAT CIA. LTDA.;1722340.66;Otras actividades de servicios
JARDINES DE QUEVEDO JARDEQUE JARDINES FUNERARIOS S.A.;1687155.71;Otras actividades de servicios
PESCADORA INDUSTRIAL DEL ECUADOR Y SUMINISTROS DE PESCA PESINCEC CIA. LTDA.;1670567.37;Suministro de Electricidad Gas Vapor y Aire acondicionado
LAVCONAR S.A.;1628803.93;Otras actividades de servicios
SERVICIOS FUNERALES DIVINO NIÑO SERFUDI S.A.;1626556.71;Otras actividades de servicios
SERVICENTURIOSA S.A.;1609733.57;Otras actividades de servicios
PROYECTO HIDROELECTRICO SANTA CRUZ S.A. HIDROCRUZ;1604645.97;Suministro de Electricidad Gas Vapor y Aire acondicionado
PROYECTO HIDROELECTRICO SANTA CRUZ S.A. HIDROCRUZ;1604645.97;Suministro de Electricidad Gas Vapor y Aire acondicionado
PRODUCCIONES Y EVENTOS NOVOEVENTOS S.A.;1603838.85;Actividades entretenimiento
HIDROELECTRICA PERLABI S.A.;1582507.2;Suministro de Electricidad Gas Vapor y Aire acondicionado
MONTE LA PIEDAD MONTEPIEDAD CIA.LTDA.;1581056.3;Otras actividades de servicios
PELUCAS Y POSTIZOS IMPORT S.A. PELUPOSTIZOS;1580326.92;Otras actividades de servicios
EXOHIELO S.A.;1524809.88;Suministro de Electricidad Gas Vapor y Aire acondicionado
AUTOMATED CASH MANAGEMENT SOLUTIONS S.A;1503894.55;Otras actividades de servicios
AET ECUADOR AETECU S.A.;1484347.9;Actividades entretenimiento
ELECSERVITEC S.A.;1439168.03;Otras actividades de servicios
DESPLIEGUE COMPUTACIONAL E INTERNET DCNET S.A.;1438018.81;Otras actividades de servicios
RECICLADORA DE MATERIALES DEL ECUADOR RECIMATEC S.A.;1430692.99;Distribución de Agua Alcantarillado y gestión de desechos
ARBOLVERDE S.A.;1430271.43;Distribución de Agua Alcantarillado y gestión de desechos
DIRECICLA S.A.;1408939.68;Distribución de Agua Alcantarillado y gestión de desechos
CALAMANTE S.A.;1406420.41;Suministro de Electricidad Gas Vapor y Aire acondicionado
FIBRECSA CIA. LTDA.;1379003.13;Otras actividades de servicios
TECNIWASH S.A.;1363143.39;Otras actividades de servicios
SISTEMAS TECNOLOGICOS ALCATECNI CIA. LTDA.;1335629.47;Suministro de Electricidad Gas Vapor y Aire acondicionado
CORPBOL S.A.;1317906.14;Suministro de Electricidad Gas Vapor y Aire acondicionado
CINEMAFORTIN S.A. CINEFORTSA;1298141.9;Actividades entretenimiento
MUNDOESCENICO S.A.S.;1295238.62;Actividades entretenimiento
LOCKERS ECUADOR S.A.;1271012.62;Actividades entretenimiento
GRUPPOSQUALI S.A.S.;1257965.59;Actividades entretenimiento
DANCING SHOES PRODUCCIONES CIA. LTDA.;1257424.68;Actividades entretenimiento
TTN TITAN S.A.;1253269.09;Actividades entretenimiento
PRESEREXAS S.A.;1252875.84;Otras actividades de servicios
METROCOOL SERVICIOS Y MANTENIMIENTO CIA.LTDA.;1238310.17;Otras actividades de servicios
ACTIVEFIT S.A.;1229605.08;Actividades entretenimiento
FONTAINE S.A.;1207212.83;Actividades entretenimiento
CEJARDEPA S.A.;1196408.29;Otras actividades de servicios
NEOEN ECUADOR S.A.;1166425.44;Suministro de Electricidad Gas Vapor y Aire acondicionado
LIBERTAD FUTBOL CLUB LIBERTADFC S.A.;1158331.37;Actividades entretenimiento
DIGITAL SERVICE SOLUCIONES TECNICAS PROFESIONALES CIA. LTDA.;1126073.68;Otras actividades de servicios
ENERGIA PLANTA FOTOVOLTAICA EPFOTOVOLTAICA S.A.;1125087.01;Suministro de Electricidad Gas Vapor y Aire acondicionado
SERVIGANGA S.A.;1095046.37;Otras actividades de servicios
CONSIGALHO S.A;1089088.71;Otras actividades de servicios
SERVICIOS NACIONALES GUAYAS SERVINACIONAL S.A.;1087264.45;Otras actividades de servicios
WORKCOMPUTER S.A.;1078856.34;Otras actividades de servicios
CARBOGAS S.A.;1077508.78;Suministro de Electricidad Gas Vapor y Aire acondicionado
INSAIRE-INGENIERIA EN SISTEMAS DE AIRE ACONDICIONADO S.A.;1006275.14;Suministro de Electricidad Gas Vapor y Aire acondicionado
S&S PRODUCCIONES S&SPRODUCCIONES S.A.;989245;Actividades entretenimiento
SUZUKI WASH S.A. SUWASH;987002.3;Otras actividades de servicios
BIJEM S.A.;984637.58;Suministro de Electricidad Gas Vapor y Aire acondicionado
IMPORFARIÑO S.A.;980014.38;Suministro de Electricidad Gas Vapor y Aire acondicionado
SERVICIOS TÉCNICOS ELÉCTRICOS GACONSTEL S.A.;976803.65;Suministro de Electricidad Gas Vapor y Aire acondicionado
TAURUSGYM S.A.;969028.36;Actividades entretenimiento
FANTIME CIA.LTDA.;948337.17;Actividades entretenimiento
DIGAO S.A.;937554.98;Actividades entretenimiento
EMAC-BGP ENERGY COMPAÑÍA DE ECONOMIA MIXTA CEM;907663.63;Suministro de Electricidad Gas Vapor y Aire acondicionado
AIRWELDE S.A.;898873.43;Otras actividades de servicios
ESCUELA DE MUSICAL ARTE&ARMONIA S.A.;893953.14;Actividades entretenimiento
MEGA SERVICIOS KEAF S.A.S.;889890.5;Actividades entretenimiento
TRANSCORPORACION S.A.;865491.11;Suministro de Electricidad Gas Vapor y Aire acondicionado
MUSICONTEM S.A.S.;843837.16;Actividades entretenimiento
MARVICLIMA S.A.;836730.14;Otras actividades de servicios
FUTBOLCITY CIA. LTDA.;831028.79;Actividades entretenimiento
GRAN SORTEO FAMILIAR GSF S.A.;814220.25;Actividades entretenimiento
AIRTEC-ELECTRIC CIA.LTDA.;812816.1;Suministro de Electricidad Gas Vapor y Aire acondicionado
REALGAS S.A.;812562.83;Suministro de Electricidad Gas Vapor y Aire acondicionado
PIRECUATRANSA S.A.;811299.25;Suministro de Electricidad Gas Vapor y Aire acondicionado
FULAMBUSINESS CIA.LTDA.;802973.87;Actividades entretenimiento
EXCELSIUS S.A.;775447.2;Actividades entretenimiento
NEXT LEVEL N-L S.A.S.;775199;Actividades entretenimiento
COMPAÑIA DE ENSEÑANZA MARTILLO SAA S.A. MARTISAA;719600.74;Actividades de los hogares como empleadores domésticos
FUNKAFEST S.A.;666851.42;Actividades entretenimiento
ALTOCCIDENTE-PROMOTIONS CIA.LTDA.;666088.6;Actividades entretenimiento
ENTRETENICORP S.A.S.;648216.75;Actividades entretenimiento
ANDESPORTS S.A.;589265.1;Actividades entretenimiento
ADRENASPORTS, ADRENALINA ACTION SPORT, CIA. LTDA.;583672.94;Actividades entretenimiento
FITNESSCO THE FITNESS COMPANY S.A.;578998.22;Actividades entretenimiento
INTERIORICORP S.A.;568201.57;Actividades entretenimiento
PRODUCCIÓN DE EVENTOS ''ESFERA PRODUCCIÓN, ARTE & CONCEPTO'' ESFERAPRODUCCIÓN CIA.LTDA.;562647.79;Actividades entretenimiento
COMPAÑIA MOVIL POWER MOVILPOWER S.A.;529912.02;Actividades entretenimiento
IZMA CORP C.L.;525320.08;Actividades entretenimiento
KALEIDOS S.A.;481538.89;Actividades entretenimiento
MARCLUB S.A.;462071.39;Actividades entretenimiento
INDUSTRIA JUEGOS MULTIPLES SISTEMULTIPLES SOCIEDAD ANÓNIMA;460853.81;Actividades entretenimiento
KANCHATALENT CIA.LTDA.;454329.17;Actividades entretenimiento
REPPARSA S.A.;440360.06;Actividades entretenimiento
PÓDIUM EVENTOS S.A.;438687.12;Actividades entretenimiento
TRANSGAVIOTAS EXPRESS COMPAÑIA LIMITADA;360852.68;Actividades de los hogares como empleadores domésticos
INTEGRAL FORFAIT S.A. INTEFOR;312236.48;Administración pública y defensa
LIQQUALITY CIA. LTDA.;255086.06;Actividades de los hogares como empleadores domésticos
FILLISA S.A.;137862.72;Administración pública y defensa
PUBLICIDAD & MARKETING MASSIVEMEDIA S.A.;106445.34;Administración pública y defensa
NAUTICAL SURVEYS S.A. NAUTISURVEYS;100364.14;Actividades de Organizaciones
CONSULPREMIUM CONSULTORES CIA. LTDA.;9456.87;Administración pública y defensa
CONSULTORES ADUANEROS ADUACONSULT S.A.;106;Administración pública y defensa
AGUAS DE VALENCIA, SOCIEDAD ANONIMA;65.88;Administración pública y defensa
KROFTA AMERICA LATINA S.A.;0;Administración pública y defensa
ANDRES ARTURO COKA CIA. LTDA.;0;Administración pública y defensa
CORPORACION FAVORITA C.A.;2355580171;Total Nacional
CORPORACION EL ROSADO S.A.;1431995152;Total Nacional
INDUSTRIAL PESQUERA SANTA PRISCILA S.A.;1412874281;Total Nacional
ECUACORRIENTE S.A.;1180396602;Total Nacional
PRIMAX COMERCIAL DEL ECUADOR SOCIEDAD ANONIMA;1162299146;Total Nacional
PROCESADORA NACIONAL DE ALIMENTOS C.A. PRONACA;1076259837;Total Nacional
CONSORCIO ECUATORIANO DE TELECOMUNICACIONES S.A. CONECEL;1041851015;Total Nacional
DINADEC S.A.;1033549701;Total Nacional
DISTRIBUIDORA FARMACEUTICA ECUATORIANA (DIFARE) S.A.;897871392.3;Total Nacional
AURELIAN ECUADOR S.A;889974047.3;Total Nacional
PETROLEOS Y SERVICIOS PYS C.A.;858952830.5;Total Nacional
SHAYA ECUADOR S.A.;848005611.4;Total Nacional
TIENDAS INDUSTRIALES ASOCIADAS TIA S.A.;776159786.9;Total Nacional
TERPEL-COMERCIAL ECUADOR CIA.LTDA.;724742553.9;Total Nacional
LA FABRIL S.A.;710280986.4;Total Nacional
VITAPRO ECUADOR CIA. LTDA.;646986297;Total Nacional
SCHLUMBERGER DEL ECUADOR S.A.;627431741.5;Total Nacional
GENERAL MOTORS DEL ECUADOR SA;618724713.1;Total Nacional
FARMAENLACE CIA. LTDA;571529827;Total Nacional
ANDES PETROLEUM ECUADOR LTD.;563335259.7;Total Nacional
ATIMASA S.A.;543708748.3;Total Nacional
LETERAGO DEL ECUADOR S.A;528551906.6;Total Nacional
SOCIEDAD NACIONAL DE GALAPAGOS CA;528425781;Total Nacional
AC BEBIDAS, S. DE R.L. DE C.V.;523991839.9;Total Nacional
NIRSA S.A.;520248808.2;Total Nacional
OTECEL S.A.;514067176.6;Total Nacional
CONSORCIO SHUSHUFINDI S.A.;510204597.7;Total Nacional
AGRIPAC SA;500514253.4;Total Nacional
NESTLE ECUADOR S.A.;455829054;Total Nacional
INDUSTRIAL DANEC SA;410454092.5;Total Nacional
HOLCIM ECUADOR S.A.;391574647.6;Total Nacional
NOVACERO S.A;389036833.5;Total Nacional
EXPALSA EXPORTADORA DE ALIMENTOS SA;377614841;Total Nacional
CERVECERIA NACIONAL CN S.A.;374957391.7;Total Nacional
ACERIA DEL ECUADOR CA ADELCA.;360387532.7;Total Nacional
DISTRIVEHIC DISTRIBUIDORA DE VEHÍCULOS S.A.S.;344704639.8;Total Nacional
PETROLEOS DE LOS RIOS PETROLRIOS C.A.;341816037.4;Total Nacional
DISTRIBUIDORA IMPORTADORA DIPOR S.A.;338463501.2;Total Nacional
COMERCIAL KYWI SA;329034459.7;Total Nacional
INBALNOR S. A.;321165469.8;Total Nacional
ALMACENES DE PRATI SA;310533603.6;Total Nacional
MEGA SANTAMARIA S.A.;293503606.5;Total Nacional
FARMACIAS Y COMISARIATOS DE MEDICINAS SA FARCOMED;292786443;Total Nacional
TOYOTA DEL ECUADOR S.A.;288994761.1;Total Nacional
UNION DE BANANEROS ECUATORIANOS SA UBESA;287456470.7;Total Nacional
QUIFATEX SA;284294457;Total Nacional
VEPAMIL S.A.;279674903.1;Total Nacional
INT FOOD SERVICES CORP S.A.;276906597.5;Total Nacional
MEGADATOS S.A.;274271264.9;Total Nacional
THE TESALIA SPRINGS COMPANY S.A.;270993913.9;Total Nacional
